review_text,sentiment
"@mark_designs hired me for a logo redesign and paid WITHIN 2 hours of delivery 🙌🙌 dream client fr",1
"this client changed the brief 11 times in 3 days and then asked for a discount bc 'it took too long' 😤💀",0
"honestly one of the best clients ive had on upwork... clear briefs, fast responses, fair budget 💯",1
"dude ghosted me after i delivered the final files... no payment no response nothing 👻👻👻 @upwork_support help??",0
"@jessica_startup gave me full creative freedom on her brand identity project and LOVED the result 🎨✨ 5 stars forever",1
"'quick 5 minute task' turned into 3 weeks of revisions with zero extra pay... classic scope creep 🐛🐛",0
"paid me a $200 bonus on top of the agreed rate bc she said I 'exceeded expectations' 😭🙏 clients like this r so rare",1
"WARNING to all freelancers: this client will ask for 'test projects' and then disappear with ur work 🚩🚩🚩 dont fall for it",0
"been working w/ @techbro_ceo for 8 months now and every single invoice paid on time... thats how u build trust 🤝💰",1
"asked me to design a 'simple website' then sent me a 47-page requirements doc... sir that is NOT simple 📄😵",0
"the feedback was always constructive and specific... none of that vague 'make it pop' nonsense 🙄➡️✅ refreshing honestly",1
"client literally said 'i dont have a budget but ill give you exposure' in 2024... EXPOSURE DOESNT PAY RENT 🏠😂💀",0
"@maria_ecom is the gold standard of clients tbh... organized briefs, realistic deadlines, pays above market rate 👑",1
"3 rounds of revisions in the contract... we r now on round 14 and he thinks thats 'normal' 🤡🤡🤡",0
"this was my first $5K project and the client made the whole experience smooth and stress-free 🥺🎉 forever grateful",1
"left me a 3-star review after I delivered EXACTLY what was in the brief?? make it make sense @fiverr_support 😤",0
"hired me again for the 4th time this year 🔄💪 repeat clients are the backbone of freelancing honestly #blessed",1
"'can you just make it more... you know... better?' is NOT constructive feedback sir 😐😐 USE YOUR WORDS",0
"@ceo_of_nothing wants a 'netflix-level UI' on a $150 budget... the delusion is ASTRONOMICAL 🌌😂",0
"client sent me a holiday bonus and a thank you card IN THE MAIL 📬😭 i didnt even know people still did that",1
"they want 24/7 availability for a part-time contract... im a freelancer not your personal assistant 🙃",0
"communication was *chefs kiss* 👨‍🍳💋 always responsive on slack, scheduled calls ahead of time, respected my timezone",1
"DO NOT WORK WITH THIS CLIENT... promised equity in his 'startup' instead of actual payment 💀 equity in WHAT sir",0
"gave me a detailed style guide, brand assets, and content calendar on DAY ONE... i almost cried from joy 😭📋✨",1
"the contract said 'logo design' but now he wants a full brand identity, website, AND social media templates for the same price 🎪",0
"@sarah_saas always pays the milestone the same day I submit... no chasing invoices no awkward follow-ups 💸✅",1
"this client has messaged me at 3am EVERY. SINGLE. NIGHT. for the past 2 weeks... boundaries do not exist in his vocabulary 🌙😫",0
"took a chance on a new client w/ no reviews and it turned out to be the best collab of my career so far 🎲➡️🏆",1
"hired me for 'python scripting' and then asked me to also fix his printer... thats not... thats not what I do 🖨️🤦‍♂️",0
"the creative brief was so well-written it felt like working with a fellow designer... chef's kiss communication 💬✨",1
"client approved the mockup then said the FINAL delivery 'wasnt what he envisioned'... YOU APPROVED THE MOCKUP BRO 😤🔥",0
"paid 50% upfront without me even asking 🙏💰 thats the level of trust and professionalism I aspire to in all my clients",1
"https://freelancerscam.example.com/report/4421 — had to report this one... fake company, fake project, real waste of my time 🕵️‍♀️",0
"@nonprofit_org was such a fulfilling client... lower budget but the mission made every hour worth it 🌍❤️",1
"they put 'URGENT' in every single message even when its not... my anxiety cant handle this client lmaooo 🚨😂",0
"after 6 months of consistent work they offered me a retainer deal 📝💼 this is how client relationships should evolve",1
"the client's idea of 'collaboration' is micromanaging every pixel... just do it urself then??? 🔍😒",0
"@founder_amy is proof that startup clients CAN be amazing... clear vision, fair pay, and genuinely kind 🌟",1
"sends voice notes at 2x speed as project briefs... bro I need to run these thru a transcript tool just to understand u 🎙️😵‍💫",0
"recommended me to 3 other businesses without me even asking!! organic referrals r the best kind of compliment 📣🙌",1
"wanted a 'world-class ecommerce site' for $300 and got MAD when I said thats not realistic... ok buddy 💀",0
"this client actually READ my portfolio before hiring me... u can tell bc the project was a perfect fit for my skills 🎯",1
"ngl the payment terms were NET-90 and i didnt realize until after signing... thats 3 MONTHS to get paid yall 😭💸",0
"every revision request came with specific screenshots and annotations 📸🖊️ THIS is how you communicate feedback people",1
"client asked me to sign an NDA for a to-do list app... sir ur not building the next facebook calm down 📝🙄",0
"@design_agency_co treats freelancers like actual team members not disposable labor... rare and appreciated 🤝✨",1
"the zoom call was supposed to be 15 mins... we r now at hour 2 and he's showing me his vacation photos??? HELP 📹😐",0
"gave me full credit on their website and linkedin post about the project 🙏📢 visibility matters SO much for freelancers",1
"'I'll know what I want when I see it' is the WORST brief in the history of briefs... enjoy paying for 47 concepts then 🎨💸",0
"@ecom_queen has been my anchor client for 2 years now and I genuinely look forward to every project we do together 💛",1
"this man really asked for a refund AFTER using my deliverables on his live website... the audacity is unmatched 🏆😤",0
"the client's team was so organized they had a notion board with every task deadline and asset already uploaded 📊 i was shook",1
"hired me for SEO copywriting but actually wanted me to do cold outreach emails to his leads... thats... a different job sir 📧🤦",0
"i showed up to the kickoff call and the client had PREPARED QUESTIONS like it was an interview... for me to interview THEM 😂🙌 loved it",1
"payment was supposed to be weekly but its been 6 weeks and ive received exactly $0.00 @paypal_disputes here we go again 💀💸",0
"@boutique_brand literally sent me a care package after project completion 📦🎁 candles and a handwritten note im sobbing",1
"the feedback loop is basically: I design → client says 'no' → I ask what they want → 'idk just not that' REPEAT FOREVER 🔁😩",0
"client trusts my expertise and lets me make design decisions without second-guessing everything... this is the DREAM 💭✅",1
"bro ur budget is $50 and u want a 30-page pitch deck with custom illustrations... in what universe 🪐😂",0
"they flew me out for a 2-day workshop with their team and covered ALL expenses 🛫🏨 above and beyond client right there",1
"@cheapskate_startup wants 'agency quality work at intern prices' and somehow thinks thats a reasonable ask 💀💀",0
"the project was complex but the client broke it into clear phases with separate milestones and payments... SO professional 📋💰",1
"sends me competitor websites and says 'make it look exactly like this but different' 🤔🤔🤔 WHAT DOES THAT EVEN MEAN",0
"after our collab his conversion rate went up 34% and he shared the data with me unprompted 📈🔥 love results-driven clients",1
"client expects 'unlimited revisions' on a fixed-price contract... thats not how any of this works my guy 🔄😤",0
"@wellness_app_co provided the most thorough onboarding doc ive ever seen from a client... 10 pages of brand guidelines assets and tone examples 📚",1
"this client thinks 'ASAP' means 'drop everything including ur other paying clients and do MY thing first' 🏃‍♂️💨 no",0
"gave me a glowing testimonial for my portfolio without me asking AND connected me to their investor network 📝🤝🚀",1
"reviewed my invoice line by line and disputed a $15 charge for stock photos that HE asked me to purchase... its $15 bro 💵🔍",0
"@creative_director_tom gives feedback like a fellow creative not a micromanager... notes are always actionable and kind 🎯💬",1
"the client keeps changing the project scope and then acts surprised when the timeline shifts... cause and effect buddy 📅😑",0
"they actually apologized for a late response once 😳 a CLIENT apologizing to a FREELANCER??? i've seen everything now lol",1
"this person's entire personality is sending passive aggressive messages in all caps at midnight... im tired 🌙😮‍💨",0
"@local_bakery_co was the sweetest client (pun intended 🍰)... small budget but crystal clear brief and SO appreciative of the work",1
"wanted me to clone an entire SaaS product 'over the weekend' for $400... the disrespect to software development as a craft 💻😤",0
"every payment early, every email kind, every call productive... 10/10 would freelance for again in a heartbeat ❤️📞",1
"the 'creative direction' was a pinterest board with 200 pins that all looked completely different from each other 📌🤯 pick a lane",0
"client bought me a course subscription as a 'thank you for great work' gift 🎓🙏 investing in ur freelancer = smart move",1
"i submitted the final files 3 weeks ago and hes STILL requesting 'tiny tweaks'... sir the project is OVER 🏁😫",0
"@health_startup actually INCREASED my rate mid-project bc they realized the scope was bigger than expected... legends 💰🙌",1
"uses whatsapp facebook messenger email slack AND text to send me the same message on all platforms simultaneously 📱📱📱 WHY",0
"the brief said 'have fun with it' and they actually MEANT it... didnt nitpick a single creative choice 🎨🥳",1
"wanted a 'quick logo' and rejected 23 concepts... at this point just describe what u want in ms paint and ill trace it 🖌️💀",0
"this client writes the most detailed project briefs ive ever seen... each one is basically a mini SRS document 📝👏 #clientgoals",1
"found out he posted my work on his portfolio claiming HE designed it... @behance thats literally plagiarism 🚨😤",0
"@fashion_brand_co always schedules feedback calls around MY availability not theirs... small gesture huge respect 🕐🙏",1
"negotiated a rate then tried to pay me half after delivery saying 'the work wasnt that hard'... EXCUSE ME?? 💸🤡",0
"3 years working together and weve never had a single dispute or miscommunication... thats UNHEARD of in freelancing 🤝🏆",1
"this client thinks version control means sending me 47 emails titled 'FINAL_v2_REAL_FINAL_v3_USE_THIS_ONE.psd' 📧😂💀",0
"always asks 'how can I make YOUR job easier' before every project kickoff 🥺 the bar is on the floor and yet here we are",1
"the contract said 2 revisions... were on revision 9 and he says 'these dont count as revisions theyre just small changes' 🤡🤡",0
"@agency_partner promoted my work on their social media and tagged me in everything 📱✨ free marketing from a happy client!!",1
"micromanages the font size on INTERNAL documents that nobody will ever see... the attention to irrelevant detail is astounding 🔬😑",0
"client checks in weekly with a friendly 'hows everything going' message... not pushy just genuinely caring 💬☺️",1
"asked me to design 'something viral' as if virality is a design element u can just... add?? like a drop shadow??? 🦠🤦‍♀️",0
"the retainer setup is perfect: predictable income for me predictable output for them... win-win-win 🔄💰✅",1
"@nightmare_client sent me a 4am voice note saying he 'had a vision' and needs everything redesigned by morning... no ❤️",0
"gave me honest feedback when something wasnt working instead of ghosting or being passive aggressive... ADULTS EXIST 🙌😂",1
"this client treats the estimate as a binding max price but the scope as a loose suggestion... the math aint mathing 📊😤",0
"after 12 weeks of collab they wrote me the most heartfelt linkedin recommendation ive ever received 📝😭 framing it",1
"wants me to be 'on call' 7 days a week for a 10hr/week contract... do u hear urself rn?? 📞🙃",0
"@pet_brand_co sends me free product samples with every project brief 🐕🎁 best perk of freelancing hands down lol",1
"hired 5 freelancers for the same job to 'see whos best' without telling any of us... spec work is EXPLOITATIVE 🚩🚩",0
"the project kickoff doc included a section called 'how [client name] likes to communicate' and it was incredibly helpful 📋🧠",1
"this client uses 'per my last email' unironically in EVERY response... the passive aggression is palpable 📧🥶",0
"recommended me for a $15K contract with their partner company and I GOT IT 🎉🎉🎉 referral clients are EVERYTHING",1
"scope: 1 landing page. delivered: 1 landing page. client: 'where's the rest of the website?' REST OF WHAT 😤😤",0
"@fintech_cfo understands that quality work takes time and has NEVER rushed me... patience is underrated in clients 🕰️✅",1
"asked me to match a competitors exact design 'but legally different'... so u want me to copy but not copy?? make it make sense 🤔💀",0
"our slack channel has more celebration emojis than any workspace ive been in 🎉🎊🥳 positive vibes = better work output",1
"the NDA was 28 pages long for a $200 blog writing gig... my lawyer laughed and said 'absolutely not' 📄😂",0
"client proactively asks about my workload before adding tasks... RESPECT for freelancer capacity is so rare and so valued 🙏💼",1
"they want 'premium branding' but provide assets as screenshots from their phone... not even the original files 📱😵 help",0
"this collab felt less like client-freelancer and more like creative partners... thats the gold standard right there 🤝🎨",1
"@problem_client disputed the payment on paypal AFTER downloading all deliverables... actual theft and paypal sided with him 💀⚖️",0
"flew me to their annual retreat and introduced me as 'part of the team' to everyone 🏔️👥 felt so valued honestly",1
"sends me 10 min voice notes as feedback instead of just... typing it out??? i have to transcribe ur ramblings now?? 🎤📝😫",0
"the most organized client ive worked with in 7 years of freelancing... notion boards trello cards the WORKS 📊💪 #organized",1
"'my nephew can do this in photoshop' then HIRE YOUR NEPHEW BRENDA 😤😂💀 why r u on upwork",0
"@sustainable_co pays a living wage, respects boundaries, AND the project has positive social impact 🌱💚 triple win",1
"client left me a 1-star review bc I wouldnt work for free on 'phase 2' that wasnt in the original contract... retaliation review 😤⭐",0
"every deliverable I send gets a genuine thoughtful response... not just 'looks good' but actual specific praise 💬🌟",1
"this man really cc'd his LAWYER on a feedback email about font choices... its arial vs helvetica not a court case ⚖️😂",0
"6 figure annual retainer locked in and its all bc this client values consistency and quality over cheap one-off gigs 💰🔒🙌",1
"@scope_creep_king strikes again... 'one more small thing' x47 = an entire new project that im apparently doing for free 🆓😤",0
"they set up a shared drive with all assets organized by category before I even started... i could cry from the organization 📁😭✨",1
"wanted me to work 'on spec' for 2 weeks to 'prove myself'... my portfolio with 200+ projects isnt proof enough?? 🤔🚩",0
"@dream_client_co renewed our contract for year THREE and increased the budget by 20%... loyalty goes both ways 🔄💛📈",1
"the feedback was literally 'its giving... not it' with zero elaboration... what am I supposed to do with that 😐🤷‍♀️",0
"project wrapped up under budget and ahead of schedule AND the client sent a bonus anyway 🎁💰 this is what partnership looks like",1
"ghosted for 3 weeks then came back with 'sorry was busy, can u finish by tomorrow?' NO I CANNOT 👻➡️🏃‍♂️💨",0
"@local_restaurant beautifully simple project: clear scope fair pay great communication... not everything needs to be complicated ☕✅",1
"client wants me to sign a non-compete clause that prevents me from working with ANY food brand for 2 years... for a $300 gig 🍔⛓️😂",0
"the quarterly business review they do with freelancers makes me feel like an actual strategic partner not just a vendor 📊🤝",1
"@forever_revisions just sent revision round 31 and asked 'are we close to final?' WE WERE CLOSE 30 REVISIONS AGO 🔄😵💀",0
"@startup_jane pays invoices before theyre even due?? i literally get paid EARLY every time 💸😳 unicorn client energy",1
"this client screenshots my designs and sends them to fiverr asking 'can someone do this cheaper'... while im STILL WORKING FOR HIM 🕵️💀",0
"been 4 projects deep with this team and every single one has been smooth collaborative and well-scoped 🎯🤝 rare combo",1
"bro scheduled a 'quick sync' that lasted 2.5 hours and could have been a 3 sentence slack message 📹😤 time is money literally",0
"the client actually uses the design system I built instead of going rogue with random fonts... respect for process 🎨📐✅",1
"wants me to match the quality of apple.com on a wix free plan budget... the cognitive dissonance is WILD 🍎😂",0
"after every project milestone she sends a genuine thank you message... small thing but it means the world to freelancers 💌🥺",1
"this client thinks 'wireframe' and 'final design' are the same thing and got upset when the wireframe wasnt polished 🖼️🤦‍♂️",0
"@clean_energy_co not only pays well but gives me flexibility to work on my own schedule... autonomy + fair pay = loyalty 🔋🙏",1
"he wants me to be available on 4 different messaging apps but takes 5 business days to respond to MY messages 📱🐢 the irony",0
"client invested in proper project management tools for our collab... basecamp + figma access on day one 🛠️💪 professional",1
"keeps saying 'this should only take 5 minutes' about tasks that clearly take 3+ hours... the underestimation is insulting tbh ⏱️😒",0
"recommended me on linkedin with a detailed post about our project and tagged my profile 📢🙌 free marketing from a happy client!",1
"sends feedback as a 45-second tiktok-style video with background music playing... i cant make this up 🎵📱😂💀",0
"@eco_startup treats every freelancer like a valued partner not a commodity... this is the future of work tbh 🌱🤝",1
